oxmagd1571,oxbioc0756,{}
oxmagd1571,oxdplb0149,{}
oxmagd1571,oxmagd1571,{}
campal34,campal34,{}
campal34,cameam29,{}
camdgk23,camdgk23,{}
camdgk23,camejb60,{}
camdgk23,cambjph2,{}
camdgk23,camcg348,{}
camdgk23,oxocms0037,{}
camdgk23,camkk429,{}
camdgk23,camcc234,{}
camdgk23,cambds10,{}
camdgk23,camel422,{}
camdgk23,camcem45,{}
camdgk23,cambg200,{}
camdgk23,cammqd20,{}
camdgk23,camarg1000,{}
oximmd0036,oxcorp0784,{}
oximmd0036,oximmd0036,{}
oximmd0036,oxpath0084,{}
oximmd0036,oxpath0089,{}
oximmd0036,oximmd0082,{}
oximmd0036,oxstat0054,{}
oximmd0036,oxwhgu0085,{}
oximmd0036,oximmd0330,{}
oximmd0036,oxclme0301,{}
oximmd0036,oxclme0237,{}
oximmd0036,oximmd0024,{}
oximmd0036,oxclme0240,{}
oximmd0036,oximmd0198,{}
oximmd0036,oxcard0027,{}
oximmd0036,oximmd0151,{}
oximmd0036,oxrobbins,{}
oximmd0036,oxquee1607,{}
oximmd0036,oxwhgu0378,{}
oximmd0036,oxstat0004,{}
oximmd0036,oxlina0435,{}
oximmd0036,oximmd0237,{}
oximmd0031,oximmd0031,{}
oximmd0031,oxsmlea,{}
oximmd0031,oximmd0100,{}
oximmd0031,oximmd0282,{}
oximmd0031,oxclab0025,{}
oximmd0031,oxpath0041,{}
oximmd0031,oximmd0316,{}
oximmd0031,oxclme0220,{}
oximmd0031,oxclme0135,{}
oximmd0031,oximmd0218,{}
oximmd0031,oxcschof,{}
oxclab0101,camcattc107,{}
oxclab0101,camas889,{}
oxclab0101,oximmd0024,{}
oxclab0101,oximmd0330,{}
oxclab0101,oxpath0511,{}
oxclab0101,oxclab0101,{}
oxclab0101,camejb60,{}
oxclab0101,oxclab0035,{}
oxclab0101,oximmd0700,{}
oxclab0101,oxclme0220,{}
oxclab0101,oximmd0556,{}
oxclab0101,camajw1000,{}
oxclab0101,camcem45,{}
oxclab0101,camarg1000,{}
oxclme0240,oxcorp0784,{}
oxclme0240,oxpath0089,{}
oxclme0240,oximmd0082,{}
oxclme0240,oxpath0084,{}
oxclme0240,oxcard0027,{}
oxclme0240,oxstat0004,{}
oxclme0240,oxengs0270,{}
oxclme0240,camerm1000,{}
oxclme0240,oxwhgu0085,{}
oxclme0240,oxclme0301,{}
oxclme0240,camphm29,{}
oxclme0240,oxclme0240,{}
oxclme0240,oximmd0198,{}
oxclme0240,oxclme0220,{}
oxclme0240,oxcschof,{}
oxclme0240,oxrobbins,{}
oxclme0240,camrsj33,{}
oxclme0240,oxndog0115,{}
oxclme0240,oxwhgu0378,{}
oxclme0240,oxquee1607,{}
oxclme0240,oxclme0501,{}
oxclme0240,oxlina0435,{}
oxclme0240,oxclme1358,{}
oxclme0240,oximmd0024,{}
oxclme0240,oxstat0054,{}
oxclme0240,oximmd0330,{}
oxclme0240,oxclme0621,{}
oxclme0240,oxclme0237,{}
oxclme0240,oxwhgu0172,{}
oxclme0240,oxwhgu0256,{}
oxclme0240,camerc24,{}
oxclme0240,oxclaridge,{}
oxclme0240,oxwhgu0274,{}
oxclme0240,oximmd0237,{}
oxclme0240,oximmd0180,{}
oxuniv1102,oxuniv1102,{}
oxuniv1102,oxclne0024,{}
oxuniv1102,oxbioc0416,{}
oxclme0497,oxnewc0612,{}
oxclme0497,camab149,{}
oxclme0497,camca26,{}
oxclme0497,oxclme0439,{}
oxclme0497,oxraob0005,{}
oxclme0497,oxclab0127,{}
oxclme0497,oxndos0168,{}
oxclme0497,oxwhgu0142,{}
oxclme0497,oxndog0251,{}
oxclme0497,oxclme0497,{}
oxclme0497,oxclme0975,{}
oxclme0497,oxclme0494,{}
oxclme0497,oxclme1358,{}
oxclme0497,oxcschof,{}
oxclme0497,oxolin0014,{}
oxclme0497,oxorms0061,{}
oxclme0497,oxraob0096,{}
oxclme0497,oxraob0097,{}
oxclme0497,camsvl1000,{}
oxclme0497,oxchem0489,{}
oxclme0497,oxndos0159,{}
oxclme0497,camtk106,{}
oxclme0497,oxclme1037,{}
oxclme0497,oxwhgu0172,{}
oxclme0497,oxclme0485,{}
oxclme0497,oxclme0946,{}
oxclme0494,camedl1,{}
oxclme0494,oxlina0435,{}
oxclme0494,oximmd0082,{}
oxclme0494,oxclme0195,{}
oxclme0494,oxstat0004,{}
oxclme0494,camtk106,{}
oxclme0494,oxorms0061,{}
oxclme0494,oxndos0168,{}
oxclme0494,oxwolf1917,{}
oxclme0494,oxwhgu0142,{}
oxclme0494,oxclme1037,{}
oxclme0494,oximmd0151,{}
oxclme0494,oxclme0494,{}
oxclme0494,oximmd0499,{}
oxclme0494,oxclme0485,{}
oxclme0494,oxocms0037,{}
oxclme0494,oxcschof,{}
camfjl1,camfjl1,{}
camfjl1,camkmb1001,{}
camfjl1,camca26,{}
camapj10,camksl23,{}
camapj10,camapj10,{}
camrb468,camrb468,{}
oxorms0061,camjt233,{}
oxorms0061,oxorms0061,{}
oxorms0061,oxndos0168,{}
oxorms0061,oxclme1037,{}
oxorms0061,oxclme0485,{}
oxphpc0228,oxphpc0228,{}
oxphpc0228,oximmd0330,{}
oxphpc0228,oxclme0237,{}
oxphpc0228,oxphpc0367,{}
camsdt36,camkh387,{}
camsdt36,camsdt36,{}
camsdt36,camtimm2,{}
camsdt36,cambjph2,{}
camsdt36,camel422,{}
oxclne0102,oxclne0024,{}
oxclne0102,oxclne0013,{}
oxclne0102,oxwadh1179,{}
oxclne0102,oxradi0003,{}
oxclne0102,oxengs0357,{}
oxclne0102,oxclne0102,{}
camdjh210,camdrs36,{}
camdjh210,camarv22,{}
camdjh210,camdjh210,{}
oxwhgu0378,oxcorp0784,{}
oxwhgu0378,camtgqe2,{}
oxwhgu0378,oxpath0089,{}
oxwhgu0378,oximmd0082,{}
oxwhgu0378,camdij21,{}
oxwhgu0378,oxraob0189,{}
oxwhgu0378,oximmd0421,{}
oxwhgu0378,oxolin0027,{}
oxwhgu0378,camamd24,{}
oxwhgu0378,oxcard0027,{}
oxwhgu0378,camcf366,{}
oxwhgu0378,oxwhgu0408,{}
oxwhgu0378,oxclme0993,{}
oxwhgu0378,oxstat0004,{}
oxwhgu0378,oxgree1192,{}
oxwhgu0378,camaca20,{}
oxwhgu0378,oxwhgu0527,{}
oxwhgu0378,camerm1000,{}
oxwhgu0378,oxclme0301,{}
oxwhgu0378,campp10001,{}
oxwhgu0378,camkk101,{}
oxwhgu0378,oximmd0198,{}
oxwhgu0378,oxclme0220,{}
oxwhgu0378,oxclme0975,{}
oxwhgu0378,camden22,{}
oxwhgu0378,camcc234,{}
oxwhgu0378,camhme22,{}
oxwhgu0378,oxrobbins,{}
oxwhgu0378,oxhert0418,{}
oxwhgu0378,camdfe20,{}
oxwhgu0378,oxpath0084,{}
oxwhgu0378,oxwhgu0378,{}
oxwhgu0378,oxquee1607,{}
oxwhgu0378,oximmd0423,{}
oxwhgu0378,oxlina0435,{}
oxwhgu0378,oxraob0270,{}
oxwhgu0378,camkbm1000,{}
oxwhgu0378,oxstat0054,{}
oxwhgu0378,oximmd0330,{}
oxwhgu0378,oxclme0149,{}
oxwhgu0378,oxclme0237,{}
oxwhgu0378,oximmd0024,{}
oxwhgu0378,camjgd29,{}
oxwhgu0378,oxwhgu0172,{}
oxwhgu0378,oxwhgu0256,{}
oxwhgu0378,camnjw1004,{}
oxwhgu0378,camqg209,{}
oxwhgu0378,oxwhgu0274,{}
oxwhgu0378,oximmd0237,{}
oxwhgu0378,oximmd0180,{}
camfvg20,camspj13,{}
camfvg20,camfag1000,{}
camfvg20,camdij21,{}
camfvg20,camfr269,{}
camfvg20,oxpath0636,{}
camfvg20,campjb91,{}
camfvg20,camjvf21,{}
camfvg20,camrmm32,{}
camfvg20,camab454,{}
camfvg20,camfvg20,{}
camfvg20,camsvl1000,{}
oxclme0621,oxclne0009,{}
oxclme0621,oxclme0621,{}
oxclme0621,oxcschof,{}
oxclme0621,oxwhgu0172,{}
oxclme0621,oxcard0025,{}
oxclme0621,oxbioc0416,{}
oxclme0621,oxwhgu0274,{}
oxclme0621,oximmd0237,{}
oxclme0621,oxdpag0048,{}
oximmd0680,oximmd0680,{}
oximmd0680,oximmd0679,{}
oximmd0680,oxdpag0074,{}
oximmd0680,oximmd0282,{}
oximmd0680,oxocms0037,{}
camjdb1003,camsc10021,{}
camjdb1003,camfm327,{}
camjdb1003,campawe1,{}
camjdb1003,camgm290,{}
camjdb1003,camjg477,{}
camjdb1003,cambb313,{}
camjdb1003,camaca20,{}
camjdb1003,camhs310,{}
camjdb1003,camrmm32,{}
camjdb1003,camst321,{}
camjdb1003,camrdb39,{}
camjdb1003,campp10001,{}
camjdb1003,camjgd29,{}
camjdb1003,camhme22,{}
camjdb1003,camdscj1,{}
camjdb1003,camsvl1000,{}
camjdb1003,camcc234,{}
camjdb1003,camab454,{}
camjdb1003,cammdt33,{}
camjdb1003,camcattc107,{}
camjdb1003,camnaw27,{}
camjdb1003,camdfe20,{}
camjdb1003,campjb91,{}
camjdb1003,camss861,{}
camjdb1003,cammjg40,{}
camjdb1003,camjdb1003,{}
camjdb1003,camkdh29,{}
camjdb1003,camdjl15,{}
camjdb1003,camja344,{}
camjdb1003,camagl22,{}
camjdb1003,camnr343,{}
camjdb1003,camqg209,{}
oxpath0204,oxpath0204,{}
oxpath0204,oxocms0064,{}
camhrm28,camedl1,{}
camhrm28,camdo202,{}
camhrm28,camhrm28,{}
camnr343,camnr343,{}
camnr343,camcc234,{}
camnr343,camsc10021,{}
oxclme0667,camngb21,{}
oxclme0667,oxraob0270,{}
oxclme0667,oxgree1620,{}
oxclme0667,oxdonc0120,{}
oxclme0667,oxraob0069,{}
oxclme0667,oxclme0670,{}
oxclme0667,oxraob0095,{}
oxclme0667,oxraob0096,{}
oxclme0667,oxraob0097,{}
oxclme0667,oxraob0072,{}
oxclme0667,oxclme0667,{}
oxclme0667,oxraob0182,{}
oxclme0149,oximmd0106,{}
oxclme0149,oximmd0084,{}
oxclme0149,oximmd0023,{}
oxclme0149,oxzool0768,{}
oxclme0149,oxsmlea,{}
oxclme0149,oxclme1037,{}
oxclme0149,oxclab0025,{}
oxclme0149,oxstat0059,{}
oxclme0149,oxbioc0208,{}
oxclme0149,oximmd0421,{}
oxclme0149,oxpath0084,{}
oxclme0149,oxmolb0002,{}
oxclme0149,oxclme0219,{}
oxclme0149,oxpath0089,{}
oxclme0149,oxraob0097,{}
oxclme0149,oxclme0149,{}
oxclme0149,oxclme0193,{}
oxgree1620,oxgree1620,{}
oxgree1620,oxraob0069,{}
oxgree1620,oxradi0003,{}
oxgree1620,oxclme0670,{}
oxgree1620,oxraob0182,{}
oxhert0418,oxhert0418,{}
oxhert0418,oxstat0059,{}
oxhert0418,oxclme0975,{}
oxhert0418,oxstat0004,{}
oxhert0418,oxlina0435,{}
oxhert0418,oximmd0180,{}
oxolin0027,oxolin0014,{}
oxolin0027,oximmd0282,{}
oxolin0027,oxolin0027,{}
oxolin0027,oxclme0993,{}
oxdonc0228,oxraob0069,{}
oxdonc0228,oxdarby,{}
oxdonc0228,oxdonc0228,{}
camfo210,camfo210,{}
camfo210,cammf364,{}
camcattc110,camcattc110,{}
camerm1000,oxrobbins,{}
camerm1000,camerm1000,{}
camerm1000,oxclme0301,{}
camerm1000,camtgqe2,{}
camerm1000,camphm29,{}
camerm1000,camtlb20,{}
camerm1000,camcf366,{}
camerm1000,oximmd0237,{}
camerm1000,oxwhgu0256,{}
oxbioc0541,oxdplb0149,{}
oxbioc0541,oxchem0068,{}
oxbioc0541,oxbioc0541,{}
oxbioc0541,oxclme0670,{}
oxbioc0541,oxclph0059,{}
oxbioc0541,camjlg40,{}
oxbioc0541,oxraob0069,{}
oxbioc0541,oxbioc0192,{}
oxbioc0541,oxmjawood,{}
oxbioc0541,oxcard0039,{}
oxbioc0541,oxraob0096,{}
oxbioc0541,oxbioc0416,{}
oxbioc0541,oxclaridge,{}
oxbioc0541,oxraob0095,{}
cameam29,camsc10021,{}
cameam29,camag229,{}
cameam29,cameam29,{}
cameam29,camja219,{}
cameam29,oxclme0195,{}
cameam29,camjlg40,{}
cameam29,oxocms0037,{}
cameam29,camsb10031,{}
cameam29,camcc234,{}
campp10001,camsc10021,{}
campp10001,camdij21,{}
campp10001,camamd24,{}
campp10001,oxwhgu0527,{}
campp10001,camaca20,{}
campp10001,camhs310,{}
campp10001,camngb21,{}
campp10001,camja344,{}
campp10001,campp10001,{}
campp10001,camaa461,{}
campp10001,oxndos0461,{}
campp10001,camhme22,{}
campp10001,camden22,{}
campp10001,camcc234,{}
campp10001,cammdt33,{}
campp10001,camnaw27,{}
campp10001,camdfe20,{}
campp10001,oxgree1192,{}
campp10001,camkk101,{}
campp10001,oxraob0270,{}
campp10001,camkbm1000,{}
campp10001,camcjw53,{}
campp10001,camgl290,{}
campp10001,camjgd29,{}
campp10001,camrcf29,{}
campp10001,camnjw1004,{}
campp10001,camkbk21,{}
campp10001,camqg209,{}
camah832,camah832,{}
camscp46,cambb313,{}
camscp46,camjg671,{}
camscp46,oxclme0975,{}
camscp46,camtgqe2,{}
camscp46,camscp46,{}
oxclme0219,oximmd0106,{}
oxclme0219,oximmd0023,{}
oxclme0219,oxclme0193,{}
oxclme0219,oximmd0100,{}
oxclme0219,oxpath0089,{}
oxclme0219,oxclme0219,{}
cammad58,cammad58,{}
camdtf1000,camad596,{}
camdtf1000,camdtf1000,{}
camdtf1000,camkmb1001,{}
camdtf1000,camtj212,{}
camdtf1000,camdij21,{}
camajw1000,camcattc107,{}
camajw1000,camas889,{}
camajw1000,oximmd0024,{}
camajw1000,camejb60,{}
camajw1000,oxclab0035,{}
camajw1000,camajw1000,{}
camajw1000,camcem45,{}
camajw1000,camarg1000,{}
camapd10,camtdf21,{}
camapd10,camfag1000,{}
camapd10,camapd10,{}
camapd10,camjhfr2,{}
camapd10,camkmb1001,{}
camapd10,cammpfs1,{}
camapd10,camjhg21,{}
camfjg28,camfjg28,{}
camfjg28,oxclme0220,{}
camfjg28,camfia20,{}
camfjg28,oxclme0169,{}
camfjg28,cammjg40,{}
camfia20,cammew10,{}
camfia20,camtdf21,{}
camfia20,camfia20,{}
camto237,camvmd20,{}
camto237,camspj13,{}
camto237,camto237,{}
camto237,camtlb20,{}
camns627,camns627,{}
oxpath0473,oxpath0473,{}
oxpath0473,oxdplb0149,{}
oxpath0473,oxwhgu0172,{}
cammpw1001,campjl30,{}
cammpw1001,cammpw1001,{}
cammpw1001,cam12055,{}
cammpw1001,camcf366,{}
camkk429,camst321,{}
camkk429,campawe1,{}
camkk429,camkk429,{}
camkk429,camdo261,{}
camkk429,cambds10,{}
camkk429,camx_b03,{}
camkk429,camss861,{}
camkk429,camagl22,{}
camkk429,cammn332,{}
camkk429,camarg1000,{}
oxkenn0163,oxclme0193,{}
oxkenn0163,oxkenn0163,{}
oxkenn0163,oxmolb0002,{}
oxwhgu0256,oxrobbins,{}
oxwhgu0256,oxwhgu0085,{}
oxwhgu0256,oxwhgu0274,{}
oxwhgu0256,oxclme0220,{}
oxwhgu0256,oxwhgu0256,{}
oxwhgu0256,oxraob0097,{}
oxwhgu0256,oximmd0082,{}
oxwhgu0256,oxcschof,{}
oxwhgu0256,oximmd0237,{}
camkbk21,cammdt33,{}
camkbk21,camdfe20,{}
camkbk21,camamd24,{}
camkbk21,camjgd29,{}
camkbk21,oxcard0027,{}
camkbk21,camnjw1004,{}
camkbk21,camkbk21,{}
camkbk21,camaca20,{}
camkbk21,camkk101,{}
camkbk21,camhs310,{}
oxbioc0128,oxpath0107,{}
oxbioc0128,oxbioc0128,{}
camsc10021,camag229,{}
camsc10021,camst321,{}
camsc10021,camfm327,{}
camsc10021,cammag62,{}
camsc10021,camkdh29,{}
camsc10021,camsc10021,{}
camsc10021,camdfe20,{}
camsc10021,campawe1,{}
camsc10021,camagl22,{}
camsc10021,camrcf29,{}
camsc10021,camjc553,{}
camsc10021,camss861,{}
camsc10021,camaca20,{}
camsc10021,camcc234,{}
oximmd0135,oximmd0330,{}
oximmd0135,oximmd0135,{}
oximmd0135,oxclme0237,{}
oximmd0135,oxclme0946,{}
camyk299,camppd21,{}
camyk299,campl219,{}
camyk299,camyk299,{}
oxpath0873,oxpath0873,{}
campawe1,camkdh29,{}
campawe1,camst321,{}
campawe1,camfm319,{}
campawe1,campawe1,{}
campawe1,camagl22,{}
campawe1,camdo261,{}
campawe1,camrcf29,{}
campawe1,camss861,{}
campawe1,camcattc107,{}
campawe1,cammn332,{}
campawe1,camcc234,{}
camamd24,camngb21,{}
camamd24,cammdt33,{}
camamd24,camhs310,{}
camamd24,camkbm1000,{}
camamd24,camqg209,{}
camamd24,oxwhgu0527,{}
camamd24,camdfe20,{}
camamd24,camamd24,{}
camamd24,oxraob0069,{}
camamd24,camaa461,{}
camamd24,camjgd29,{}
camamd24,camhme22,{}
camamd24,camden22,{}
camamd24,camnjw1004,{}
camamd24,oxgree1192,{}
camamd24,camaca20,{}
camamd24,camkk101,{}
camamd24,camcc234,{}
campjl30,camjt233,{}
campjl30,cam12055,{}
campjl30,campjl30,{}
campjl30,camcf366,{}
campjl30,cambg200,{}
oxcard0027,oxcorp0784,{}
oxcard0027,oxpath0089,{}
oxcard0027,oximmd0082,{}
oxcard0027,oxclme0237,{}
oxcard0027,oxpath0084,{}
oxcard0027,oxcard0008,{}
oxcard0027,oxbioc0192,{}
oxcard0027,oxcard0027,{}
oxcard0027,oximmd0075,{}
oxcard0027,oxcard0025,{}
oxcard0027,oxbioc0212,{}
oxcard0027,oxstat0004,{}
oxcard0027,oxclme0195,{}
oxcard0027,oxclme0301,{}
oxcard0027,oxlina0435,{}
oxcard0027,oximmd0198,{}
oxcard0027,oxquee1607,{}
oxcard0027,oxgree0184,{}
oxcard0027,oxrobbins,{}
oxcard0027,oxclne0009,{}
oxcard0027,camdfe20,{}
oxcard0027,oxocms0037,{}
oxcard0027,oxcard0018,{}
oxcard0027,oxgree1192,{}
oxcard0027,camkk101,{}
oxcard0027,oximmd0024,{}
oxcard0027,oxstat0054,{}
oxcard0027,camsjg49,{}
oxcard0027,oxctsu0165,{}
oxcard0027,oximmd0330,{}
oxcard0027,oximmd0237,{}
oxcard0027,camnjw1004,{}
oxcard0027,oxclme0946,{}
oxcard0027,oxwhgu0274,{}
oxcard0027,camtgqe2,{}
oxcard0025,oxclph0059,{}
oxcard0025,oxcard0018,{}
oxcard0025,oxcard0008,{}
oxcard0025,oxbioc0192,{}
oxcard0025,oxcard0039,{}
oxcard0025,oxcard0025,{}
oxcard0025,oxwhgu0172,{}
camsd642,camsd642,{}
camsd642,camarv22,{}
camseb53,camseb53,{}
camseb53,camfag1000,{}
camseb53,camkmb1001,{}
camseb53,camtl347,{}
camarg1000,camas889,{}
camarg1000,camel422,{}
camarg1000,camcg348,{}
camarg1000,camcjw53,{}
camarg1000,camsa263,{}
camarg1000,camarg1000,{}
camarg1000,camab149,{}
camarg1000,camgsv20,{}
camarg1000,cambds10,{}
camarg1000,oximmd0556,{}
camarg1000,camejb60,{}
camarg1000,oxocms0037,{}
camarg1000,camko268,{}
camarg1000,cambg200,{}
camarg1000,camsjb32,{}
camarg1000,camcattc107,{}
camarg1000,oximmd0024,{}
camarg1000,oximmd0330,{}
camarg1000,camtk106,{}
camarg1000,cambjph2,{}
camarg1000,oxclab0035,{}
camarg1000,camsp580,{}
camarg1000,camagl22,{}
camarg1000,camcc234,{}
camarg1000,camcem45,{}
camarg1000,cammqd20,{}
camma630,camma630,{}
camma630,camjg477,{}
camma630,camphm29,{}
oxclab0025,oxsmlea,{}
oxclab0025,oximmd0282,{}
oxclab0025,oxclab0025,{}
oxclab0025,oxpath0041,{}
oxclab0025,oximmd0316,{}
oxclab0025,oxclme0220,{}
oxraob0069,camngb21,{}
oxraob0069,oxraob0009,{}
oxraob0069,oxraob0097,{}
oxraob0069,oxbioc0416,{}
oxraob0069,oxclph0059,{}
oxraob0069,oxdarby,{}
oxraob0069,oxraob0069,{}
oxraob0069,oxradi0003,{}
oxraob0069,oxclme0670,{}
oxraob0069,oxclme0220,{}
oxraob0069,oxraob0189,{}
oxraob0069,oxraob0051,{}
oxraob0069,oxraob0095,{}
camdscj1,camrmm32,{}
camdscj1,campjb91,{}
camdscj1,camdscj1,{}
camdscj1,camsvl1000,{}
camdscj1,camab454,{}
campl219,camppd21,{}
campl219,campl219,{}
oxbioc0055,oxbioc0055,{}
oxuniv0247,oxtrin1371,{}
oxuniv0247,oxwhgu0172,{}
oxuniv0247,oxcschof,{}
oxuniv0247,oxuniv0247,{}
oxuniv0247,oxbioc0188,{}
camcattc107,camas889,{}
camcattc107,oximmd0024,{}
camcattc107,camcattc107,{}
camcattc107,camejb60,{}
camcattc107,oxclab0035,{}
camcattc107,camkdh29,{}
camcattc107,camcem45,{}
camcattc107,camepm27,{}
camjada2,camjada2,{}
camnaw27,camnaw27,{}
camnaw27,camcc234,{}
cammlo29,cammlo29,{}
cammlo29,camrec11,{}
camsr679,camsr679,{}
camsr679,cambg200,{}
camsr679,camelr21,{}
camsr679,cambds10,{}
camlsi10,cammew10,{}
camlsi10,camarv22,{}
camlsi10,camdk10012,{}
camlsi10,camlsi10,{}
camlsi10,camdrs36,{}
cambg200,camas889,{}
cambg200,camtk106,{}
cambg200,camelr21,{}
cambg200,camab149,{}
cambg200,cambjph2,{}
cambg200,camgsv20,{}
cambg200,camjis30,{}
cambg200,camcc234,{}
cambg200,camko268,{}
cambg200,oxpath0511,{}
cambg200,camgm263,{}
cambg200,cambg200,{}
cambg200,oxocms0037,{}
cambg200,camjf416,{}
cambg200,cambds10,{}
camsjb32,camst321,{}
camsjb32,camsjb32,{}
oxzool0768,oxzool0768,{}
camufk20,camyysh2,{}
camufk20,campc245,{}
camufk20,camjjb12,{}
camufk20,camufk20,{}
camufk20,camajk61,{}
camufk20,camkc370,{}
camufk20,camjg473,{}
camufk20,camamd3,{}
camufk20,camerc24,{}
oxengs0688,oxengs0688,{}
camsk10023,cammqd20,{}
camsk10023,camsk10023,{}
camacl34,camppd21,{}
camacl34,camdmg25,{}
camacl34,camacl34,{}
camam2185,camam2185,{}
camam2185,camkk101,{}
camam2185,camtgqe2,{}
oxmjawood,oximmd0679,{}
oxmjawood,oxocms0037,{}
oxmjawood,oxmjawood,{}
oxmjawood,oxbioc0416,{}
oxmjawood,oxorie1154,{}
camdhr25,camdhr25,{}
camvmd20,camspj13,{}
camvmd20,camyjl26,{}
camvmd20,camtlb20,{}
camvmd20,camamd3,{}
camvmd20,camvmd20,{}
oxpath0107,oxpath0107,{}
oxclab0247,oxclab0247,{}
oxclab0247,oxwhgu0210,{}
camca26,camdk10012,{}
camca26,camdrs36,{}
camca26,camoas23,{}
camca26,camtlb20,{}
camca26,camarv22,{}
camca26,camca26,{}
camca26,camsb10031,{}
camca26,camab454,{}
camsp577,camsjp58,{}
camsp577,camkdh29,{}
camsp577,camst321,{}
camsp577,camarv22,{}
camsp577,camcw209,{}
camsp577,camsp577,{}
camsp577,cammn332,{}
oxphpc0577,oxphpc0577,{}
oxuniv1923,oxuniv1923,{}
oxuniv1923,oxdplb0149,{}
oxuniv1923,oxclne0024,{}
oxuniv1923,oxocms0064,{}
oxuniv1923,oxwhgu0139,{}
oxuniv1923,oxwhgu0172,{}
oxuniv1923,oxwolf1833,{}
oxuniv1923,oxbioc0416,{}
oxuniv1923,oxclme0220,{}
oxuniv1923,oxclaridge,{}
oxuniv1923,oxcschof,{}
oxuniv1923,oximmd0237,{}
oxdonc0136,oxdonc0136,{}
camden25,camden25,{}
camden25,camsr504,{}
camden25,camhl316,{}
oxndos0723,oxndos0723,{}
oxndos0723,camden22,{}
oxndos0723,camfmw22,{}
camden22,camnc109,{}
camden22,camfm327,{}
camden22,camcf366,{}
camden22,camjg477,{}
camden22,camjc553,{}
camden22,camvjg29,{}
camden22,camaca20,{}
camden22,camsb10031,{}
camden22,camphm29,{}
camden22,camaa461,{}
camden22,camjgd29,{}
camden22,oxndos0461,{}
camden22,camden22,{}
camden22,camfmw22,{}
camden22,camtl347,{}
camden22,camdfe20,{}
camden22,camtb507,{}
camden22,oxgree1192,{}
camden22,camkk101,{}
camden22,cammjg40,{}
camden22,camal499,{}
camden22,camkmb1001,{}
camden22,camdjl15,{}
camden22,camgl290,{}
camden22,camagl22,{}
camden22,camcem45,{}
oxclme0135,oxclab0018,{}
oxclme0135,oxndos0097,{}
oxclme0135,oximmd0423,{}
oxclme0135,oxclme0220,{}
oxclme0135,oxclme0135,{}
oxclme0135,oxclab0035,{}
oxclme0135,oxcschof,{}
oxolin0118,oxolin0118,{}
cammjm39,cammjm39,{}
oxwhgu0210,oxcard0008,{}
oxwhgu0210,oximmd0024,{}
oxwhgu0210,oximmd0282,{}
oxwhgu0210,oxwhgu0210,{}
oxndos0532,oxndos0532,{}
oxndos0532,oxclme0946,{}
oxndos0532,oxndos0461,{}
oxndos0532,oxclme0670,{}
oxbioc0673,oxbioc0673,{}
oxbioc0673,oxbioc0365,{}
camerc24,camew442,{}
camerc24,camjt233,{}
camerc24,oxrobbins,{}
camerc24,camrsj33,{}
camerc24,camphm29,{}
camerc24,camlv225,{}
camerc24,camjg473,{}
camerc24,camgm290,{}
camerc24,camerc24,{}
camerc24,oximmd0237,{}
oxclaridge,oxdplb0149,{}
oxclaridge,oxnewc0612,{}
oxclaridge,camjlg40,{}
oxclaridge,oxwhgu0139,{}
oxclaridge,oxwhgu0172,{}
oxclaridge,oxwolf1833,{}
oxclaridge,oxbioc0416,{}
oxclaridge,oxchem0068,{}
oxclaridge,oxclme0485,{}
oxclaridge,oxclme0220,{}
oxclaridge,oxclaridge,{}
oxclaridge,oxcschof,{}
oxclaridge,oximmd0237,{}
oxclaridge,oxbioc0801,{}
oxraob0122,oxraob0121,{}
oxraob0122,oxraob0122,{}
oxraob0122,oxclab0127,{}
oxraob0122,oxraob0233,{}
oxraob0122,oxclme0975,{}
oxraob0122,oxraob0072,{}
oxraob0122,oximmd0180,{}
oximmd0237,oxcorp0784,{}
oximmd0237,oxpath0089,{}
oximmd0237,oximmd0082,{}
oximmd0237,oxpath0084,{}
oximmd0237,oxocms0064,{}
oximmd0237,oxstat0004,{}
oximmd0237,oxwhgu0085,{}
oximmd0237,oxclme0301,{}
oximmd0237,camphm29,{}
oximmd0237,oximmd0198,{}
oximmd0237,oxclme0220,{}
oximmd0237,oxcschof,{}
oximmd0237,oxrobbins,{}
oximmd0237,camrsj33,{}
oximmd0237,oxraob0097,{}
oximmd0237,oxquee1607,{}
oximmd0237,oxlina0435,{}
oximmd0237,oxclme1358,{}
oximmd0237,oxwolf1833,{}
oximmd0237,oxclme0485,{}
oximmd0237,oximmd0024,{}
oximmd0237,oxstat0054,{}
oximmd0237,oximmd0330,{}
oximmd0237,oxclme0237,{}
oximmd0237,oxwhgu0139,{}
oximmd0237,oxwhgu0172,{}
oximmd0237,oximmd0180,{}
oximmd0237,oxwhgu0274,{}
oximmd0237,oximmd0237,{}
oximmd0237,oxbioc0801,{}
camdij21,camtj212,{}
camdij21,camdij21,{}
camdij21,campjb91,{}
camdij21,camgm290,{}
camdij21,camjg477,{}
camdij21,camrmm32,{}
camdij21,camfr269,{}
camdij21,cammag62,{}
camdij21,camsvl1000,{}
camdij21,camab454,{}
camdij21,cambb313,{}
camdij21,camrdb39,{}
camdij21,camjlg40,{}
camdij21,cammjg40,{}
camdij21,oxraob0270,{}
camdij21,oxpath0636,{}
camdij21,camdjl15,{}
camdij21,camtgqe2,{}
camfm327,camkbm1000,{}
camfm327,camst321,{}
camfm327,camfm327,{}
camfm327,camkmb1001,{}
camfm327,camagl22,{}
camfm327,camss861,{}
camfm327,camcc234,{}
oxwadh1179,oxwadh1179,{}
oxwadh1179,oxclne0013,{}
camhs310,cammdt33,{}
camhs310,camqg209,{}
camhs310,camdfe20,{}
camhs310,camaa461,{}
camhs310,camjgd29,{}
camhs310,camaca20,{}
camhs310,camhs310,{}
camngb21,camngb21,{}
camngb21,camtj212,{}
camngb21,oxraob0270,{}
camngb21,cammap1001,{}
camngb21,camcw209,{}
camngb21,cammpfs1,{}
camngb21,cammps48,{}
camst321,camarv22,{}
camst321,camdo261,{}
camst321,camal499,{}
camst321,camst321,{}
camst321,camcw209,{}
camst321,camkdh29,{}
camst321,camagl22,{}
camst321,camrcf29,{}
camst321,camjg477,{}
camst321,camns421,{}
camst321,camsjp58,{}
camst321,camss861,{}
camst321,cammn332,{}
camst321,camcc234,{}
cammag62,camag229,{}
cammag62,cammag62,{}
cammag62,camagl22,{}
cammag62,camjg477,{}
cammag62,camjc553,{}
cammag62,camss861,{}
cammag62,camfr269,{}
cammag62,camcc234,{}
oxbioc0400,oxbioc0400,{}
camhme22,cambb313,{}
camhme22,camrdb39,{}
camhme22,camdfe20,{}
camhme22,camja344,{}
camhme22,oxclme0220,{}
camhme22,camhme22,{}
camhme22,camjg477,{}
camhme22,camdjl15,{}
camhme22,camqg209,{}
camhme22,camcc234,{}
camhme22,cammjg40,{}
camcs698,camcs698,{}
oxrobbins,oxcorp0784,{}
oxrobbins,oxpath0089,{}
oxrobbins,oximmd0082,{}
oxrobbins,oxpath0084,{}
oxrobbins,oxbioc0212,{}
oxrobbins,oxstat0004,{}
oxrobbins,oxclme0301,{}
oxrobbins,camphm29,{}
oxrobbins,oximmd0198,{}
oxrobbins,oxclme0220,{}
oxrobbins,oxcschof,{}
oxrobbins,oxrobbins,{}
oxrobbins,camrsj33,{}
oxrobbins,oxcard0018,{}
oxrobbins,oxquee1607,{}
oxrobbins,oxlina0435,{}
oxrobbins,oximmd0024,{}
oxrobbins,oxstat0054,{}
oxrobbins,oximmd0330,{}
oxrobbins,oxclme0237,{}
oxclne0024,oxclne0024,{}
oxclne0024,oxclne0009,{}
oxclne0024,oxbioc0192,{}
oxclne0024,oxndos0168,{}
oxclne0024,oxclne0013,{}
oxclne0024,oxcard0018,{}
oxclne0024,oxclme0220,{}
oxclne0024,oxcard0039,{}
oxclne0024,oxbioc0416,{}
oxclne0024,oxcschof,{}
camlp212,camspj13,{}
camlp212,camlp212,{}
camlp212,camjvf21,{}
camajk61,camajk61,{}
camajk61,camkc370,{}
oxcard0018,oximmd0106,{}
oxcard0018,oxctsu0165,{}
oxcard0018,oxbioc0192,{}
oxcard0018,oxcard0018,{}
oxcard0018,oxcard0039,{}
oxcard0018,oxbioc0212,{}
oxcard0018,oxwhgu0274,{}
camcfk23,camjjb12,{}
camcfk23,camarv22,{}
camcfk23,camcfk23,{}
camcfk23,camabj26,{}
camcer51,camcer51,{}
camcer51,camcg348,{}
camcer51,oxmolb0002,{}
cammn332,oximmd0084,{}
cammn332,oximmd0198,{}
cammn332,camagl22,{}
cammn332,camdo261,{}
cammn332,camcw209,{}
cammn332,camss861,{}
cammn332,cammn332,{}
oxndos0159,oxndos0159,{}
oxndos0159,oxclme0485,{}
oxndos0159,oxndos0168,{}
oxndos0159,oxwhgu0142,{}
camjg473,camkh387,{}
camjg473,camkc370,{}
camjg473,camreg53,{}
camjg473,camjg473,{}
camjg473,campc245,{}
oxmath0111,oxmath0111,{}
oxmath0111,oxcoml0332,{}
oxndos0097,oxclme0220,{}
oxndos0097,oxclme0975,{}
oxndos0097,oxndos0097,{}
cammcf22,cammcf22,{}
camcw209,camarv22,{}
camcw209,camsjp58,{}
camcw209,camrmm32,{}
camcw209,camfr269,{}
camcw209,camkdh29,{}
camcw209,cammew10,{}
camcw209,camrk385,{}
camcw209,camoas23,{}
camcw209,camcw209,{}
camcw209,camab454,{}
camcw209,camsvl1000,{}
oxclme1651,camgl290,{}
oxclme1651,camkmb1001,{}
oxclme1651,camrcf29,{}
oxclme1651,oxclme1651,{}
camjis30,camjis30,{}
camepm27,camepm27,{}
camepm27,camgjh46,{}
camrns13,camrns13,{}
camrns13,camnjw1004,{}
camrns13,oxndos0168,{}
camrns13,camphm29,{}
camralp2,camlv225,{}
camralp2,camralp2,{}
oxorms0071,oxorms0071,{}
cam12055,cam12055,{}
camjhfr2,camtdf21,{}
camjhfr2,camfag1000,{}
camjhfr2,camjhfr2,{}
camjhfr2,camkmb1001,{}
camjhfr2,oxradi0003,{}
camjhfr2,oxcard0039,{}
camjhfr2,camjhg21,{}
camgm290,cambb313,{}
camgm290,camfr269,{}
camgm290,camnc109,{}
camgm290,camgm290,{}
camcf366,camcf366,{}
camcf366,oxwhgu0274,{}
oxwhgu0408,oxclme0237,{}
oxwhgu0408,oxwhgu0408,{}
camx_b03,camgjh46,{}
camx_b03,camsb10031,{}
camx_b03,camx_b03,{}
camfag1000,camspj13,{}
camfag1000,camfag1000,{}
camfag1000,camkmb1001,{}
camfag1000,camdjl15,{}
camfag1000,camtb507,{}
camfag1000,oxclme0220,{}
camfag1000,camtgqe2,{}
camfag1000,camjvf21,{}
camfag1000,camvjg29,{}
camfag1000,cammjg40,{}
camhl316,camsr504,{}
camhl316,camhl316,{}
camjjb12,camjjb12,{}
camjjb12,camoas23,{}
camaca20,cammdt33,{}
camaca20,camkk101,{}
camaca20,camnjw1004,{}
camaca20,oxwhgu0527,{}
camaca20,camdfe20,{}
camaca20,camaa461,{}
camaca20,camjgd29,{}
camaca20,camcc234,{}
camaca20,oxgree1192,{}
camaca20,oxstat0004,{}
camaca20,camaca20,{}
camaca20,camss861,{}
oxgree1024,oxclme0845,{}
oxgree1024,oxctsu0084,{}
oxgree1024,oxgree1024,{}
oxgree1024,oxgree0989,{}
oxgree1024,oxgree1499,{}
oximmd0198,oxcorp0784,{}
oximmd0198,oximmd0084,{}
oximmd0198,oxpath0089,{}
oximmd0198,oximmd0082,{}
oximmd0198,oxpath0084,{}
oximmd0198,oxstat0004,{}
oximmd0198,oxclme0301,{}
oximmd0198,oximmd0198,{}
oximmd0198,oxquee1607,{}
oximmd0198,oxlina0435,{}
oximmd0198,oximmd0024,{}
oximmd0198,oxstat0054,{}
oximmd0198,oximmd0100,{}
oximmd0198,oximmd0330,{}
oximmd0198,oxclme0237,{}
oximmd0198,oxwhgu0172,{}
oxclme0670,oxxxxx0009,{}
oxclme0670,oxchem0068,{}
oxclme0670,oxbioc0192,{}
oxclme0670,oxraob0182,{}
oxclme0670,oxengs0357,{}
oxclme0670,oxclme0670,{}
oxclme0670,oxclme0220,{}
oxclme0670,oxraob0095,{}
oxclme0670,oxraob0096,{}
oxclme0670,oxraob0097,{}
oxclme0670,oxbras2068,{}
oxclme0670,oximmd0316,{}
oxclme0670,oxwhgu0172,{}
oxclme0670,oxbioc0416,{}
oxclme0670,oxraob0072,{}
oxclme0670,oxclme0946,{}
oxclme0670,oxcard0039,{}
oximmd0679,oximmd0679,{}
oximmd0679,oxdpag0074,{}
oximmd0679,oxocms0037,{}
oxcoml0058,oxcoml0058,{}
oxclme0193,oxclme0193,{}
oxolin0014,oximmd0282,{}
oxolin0014,oxolin0014,{}
oxolin0014,oxbioc0416,{}
oxolin0014,oxclme0439,{}
oxolin0014,oxwhgu0172,{}
oxolin0014,oxclme0975,{}
oxolin0014,oxclme0993,{}
oxolin0014,oxclme0946,{}
oxndog0115,oxndog0115,{}
oxndog0115,oximmd0084,{}
oxndog0115,oxwhgu0172,{}
oxchri0963,oxchri0963,{}
oxchri0963,oxphys0101,{}
oxchri0963,oxclme0220,{}
oxchri0963,oxnewc0612,{}
oxchri0963,oxbioc0212,{}
camjlg40,oxdplb0149,{}
camjlg40,camtj212,{}
camjlg40,oxgree1499,{}
camjlg40,camrsj33,{}
camjlg40,camnjw1004,{}
camjlg40,camjlg40,{}
camjlg40,oxgree1192,{}
camjlg40,oxbioc0212,{}
camjlg40,oxbioc0416,{}
camjlg40,camkk101,{}
camko268,camas889,{}
camko268,cambjph2,{}
camko268,camgsv20,{}
camko268,camko268,{}
camko268,camgm263,{}
camcjf1004,camcjf1004,{}
cammas1001,camnc109,{}
cammas1001,camijg25,{}
cammas1001,campg336,{}
cammas1001,cammas1001,{}
cammas1001,cammjm16,{}
oxlina0435,oxcorp0784,{}
oxlina0435,oxpath0089,{}
oxlina0435,oximmd0082,{}
oxlina0435,camjt233,{}
oxlina0435,oxpath0084,{}
oxlina0435,oxstat0004,{}
oxlina0435,oxclme0195,{}
oxlina0435,oxclme0301,{}
oxlina0435,oximmd0151,{}
oxlina0435,oxocms0037,{}
oxlina0435,camnjw1004,{}
oxlina0435,oxquee1607,{}
oxlina0435,oxlina0435,{}
oxlina0435,oximmd0024,{}
oxlina0435,oxstat0054,{}
oxlina0435,oximmd0330,{}
oxlina0435,oxstat0059,{}
oxlina0435,oxclme0237,{}
oxlina0435,oxclme0485,{}
oxctsu0385,oxctsu0385,{}
oxctsu0385,oxgree0184,{}
oxvacc0036,oxvacc0036,{}
oxvacc0036,oxwhgu0172,{}
oxvacc0036,oxcschof,{}
oxvacc0036,oximmd0282,{}
oxvacc0036,oxbioc0801,{}
oxbioc0188,oxbioc0188,{}
oxpath0063,oxpath0063,{}
oxraob0270,oxraob0270,{}
oxraob0270,oxraob0231,{}
oxraob0270,oxdonc0120,{}
oxraob0270,oxraob0072,{}
oxraob0270,oxclme0975,{}
oxraob0270,oxraob0096,{}
oxraob0270,oxraob0051,{}
oxbioc0208,oxbioc0208,{}
camja344,camja344,{}
camjgd29,cammdt33,{}
camjgd29,camkbm1000,{}
camjgd29,camqg209,{}
camjgd29,camdfe20,{}
camjgd29,camaa461,{}
camjgd29,camjgd29,{}
camjgd29,oxgree1192,{}
camjgd29,camkk101,{}
camdmg25,camppd21,{}
camdmg25,camedl1,{}
camdmg25,oxbioc0764,{}
camdmg25,camdmg25,{}
oxwolf1833,oxwhgu0172,{}
oxwolf1833,oxcschof,{}
oxwolf1833,oxwolf1833,{}
oxpath0089,oxcorp0784,{}
oxpath0089,oxpath0089,{}
oxpath0089,oximmd0024,{}
oxpath0089,oxstat0054,{}
oxpath0089,oximmd0330,{}
oxpath0089,oxclme0301,{}
oxpath0089,oxclme0237,{}
oxpath0089,oxpath0084,{}
oxpath0089,oximmd0082,{}
oxpath0089,oxquee1607,{}
oxpath0089,oxstat0004,{}
oxpath0084,oxcorp0784,{}
oxpath0084,oximmd0082,{}
oxpath0084,oxpath0084,{}
oxpath0084,oxstat0004,{}
oxpath0084,oxclme0301,{}
oxpath0084,oxwhgu0142,{}
oxpath0084,oxquee1607,{}
oxpath0084,oxclme1358,{}
oxpath0084,oximmd0024,{}
oxpath0084,oxstat0054,{}
oxpath0084,oximmd0330,{}
oxpath0084,oxolin0081,{}
oxpath0084,oxclme0237,{}
camaas41,camedl1,{}
camaas41,camrd439,{}
camaas41,camaas41,{}
oxphys0101,oxphys0101,{}
oxphys0101,oxclme0220,{}
oxphys0101,oxbioc0212,{}
oxraob0189,oxstat0054,{}
oxraob0189,oxbioc0416,{}
oxraob0189,oxclme0237,{}
oxraob0189,oxquee1607,{}
oxraob0189,oxndos0461,{}
oxraob0189,oxraob0095,{}
oxraob0189,oxraob0189,{}
oxraob0189,oxstat0004,{}
oxengs0270,oxphpc0084,{}
oxengs0270,oxengs0270,{}
oxraob0182,oxraob0182,{}
camad596,camad596,{}
camad596,camkmb1001,{}
camfr269,camrmm32,{}
camfr269,camfr269,{}
camfr269,oxpath0636,{}
camfr269,campjb91,{}
camfr269,camtgqe2,{}
camfr269,camjg477,{}
camfr269,camab454,{}
camfr269,camsvl1000,{}
oxwhgu0142,oxchem0489,{}
oxwhgu0142,oxolin0081,{}
oxwhgu0142,oxclab0127,{}
oxwhgu0142,oxwhgu0142,{}
oxwhgu0142,oxclme1037,{}
oxwhgu0142,oxclme0220,{}
oxwhgu0142,oxclme1358,{}
oxndog0251,oxdops0137,{}
oxndog0251,oxraob0051,{}
oxndog0251,oxndog0251,{}
cammac54,cammac54,{}
oxwhgu0385,oxpath0002,{}
oxwhgu0385,oxwhgu0385,{}
camahg13,camgmt11,{}
camahg13,camahg13,{}
oxeart0123,oxeart0123,{}
cammps48,cammps48,{}
camamr75,camamr75,{}
camedl1,camedl1,{}
camedl1,camdk10012,{}
camedl1,camtk106,{}
oxclab0018,oxclme0220,{}
oxclab0018,oxclab0018,{}
camjhg21,camsjp58,{}
camjhg21,camtdf21,{}
camjhg21,cammpfs1,{}
camjhg21,camjg477,{}
camjhg21,camjhg21,{}
camjhg21,cammjg40,{}
oxstat0054,oxcorp0784,{}
oxstat0054,oximmd0082,{}
oxstat0054,oxstat0004,{}
oxstat0054,oxclme0301,{}
oxstat0054,oximmd0151,{}
oxstat0054,oxquee1607,{}
oxstat0054,oximmd0024,{}
oxstat0054,oxstat0054,{}
oxstat0054,oximmd0330,{}
oxstat0054,oxstat0059,{}
oxstat0054,oxclme0237,{}
camkdh29,camsjp58,{}
camkdh29,camkdh29,{}
camkdh29,camarv22,{}
camkdh29,camfm319,{}
camkdh29,camcc234,{}
camsb674,cammf364,{}
camsb674,camrk385,{}
camsb674,camdo261,{}
camsb674,camsb674,{}
oxstat0059,oxphpc0084,{}
oxstat0059,oxstat0059,{}
oxstat0059,oxstat0004,{}
cambjph2,camtk106,{}
cambjph2,camab149,{}
cambjph2,cambjph2,{}
cambjph2,camgsv20,{}
cambjph2,camgm263,{}
cambjph2,camejb60,{}
cambjph2,camsa263,{}
cambjph2,cammqd20,{}
oxwhgu0139,oxwhgu0139,{}
oxwhgu0139,oxwhgu0172,{}
oxwhgu0139,oxcschof,{}
camgmt11,camgmt11,{}
cammqd20,oximmd0024,{}
cammqd20,camejb60,{}
cammqd20,camagl22,{}
cammqd20,cammqd20,{}
camtdl2,camgie20,{}
camtdl2,camtdl2,{}
camtdl2,camfm319,{}
oxraob0051,oxengs0357,{}
oxraob0051,oxraob0009,{}
oxraob0051,oxmolb0003,{}
oxraob0051,oxraob0168,{}
oxraob0051,oxraob0095,{}
oxraob0051,oxraob0051,{}
oxraob0051,oxclar0295,{}
camjg671,camrdb39,{}
camjg671,camjg671,{}
oxorie1154,oximmd0023,{}
oxorie1154,oxorie1154,{}
cammap1001,cammpfs1,{}
cammap1001,cammap1001,{}
oxadmn2016,oxadmn2016,{}
camjt233,camjt233,{}
oxbioc1078,oxbioc0764,{}
oxbioc1078,oxbioc1078,{}
oxbioc1078,camtlb20,{}
oxclne0013,oxclne0013,{}
oxpath0811,oxpath0811,{}
camgjh46,camgjh46,{}
oxwhgu0527,camspj13,{}
oxwhgu0527,camdfe20,{}
oxwhgu0527,camnjw1004,{}
oxwhgu0527,oxwhgu0527,{}
camdjl15,camtj212,{}
camdjl15,camkmb1001,{}
camdjl15,camdjl15,{}
camdjl15,camtb507,{}
camdjl15,camjg477,{}
camdjl15,camtgqe2,{}
camdjl15,cammjg40,{}
oximmd0654,oximmd0654,{}
oximmd0654,oximmd0082,{}
oximmd0654,oximmd0075,{}
oximmd0654,oxclme0195,{}
camdrs20,camdrs20,{}
camphm29,oxwhgu0172,{}
camphm29,camrsj33,{}
camphm29,camphm29,{}
camphm29,oximmd0316,{}
camphm29,oxclme0220,{}
camphm29,oxwhgu0274,{}
oxclme0220,oximmd0084,{}
oxclme0220,oxclab0127,{}
oxclme0220,oxnewc0612,{}
oxclme0220,oxsmlea,{}
oxclme0220,oximmd0421,{}
oxclme0220,camjg477,{}
oxclme0220,oxpath0041,{}
oxclme0220,oxanat0116,{}
oxclme0220,oxwhgu0085,{}
oxclme0220,oxclme0220,{}
oxclme0220,oxcschof,{}
oxclme0220,oxclme0975,{}
oxclme0220,oxclph0059,{}
oxclme0220,oxdarby,{}
oxclme0220,oxraob0097,{}
oxclme0220,oximmd0423,{}
oxclme0220,oximmd0282,{}
oxclme0220,oxclne0083,{}
oxclme0220,camkmb1001,{}
oxclme0220,oximmd0316,{}
oxclme0220,oxradi0003,{}
oxclme0220,oxwhgu0172,{}
oxclme0220,oxbioc0416,{}
oxclme0220,oxwhgu0274,{}
oxclme0220,oximmd0180,{}
oximmd0151,oxstat0004,{}
oximmd0151,oximmd0084,{}
oximmd0151,oximmd0082,{}
oximmd0151,oximmd0330,{}
oximmd0151,oxpath0511,{}
oximmd0151,oxclme0237,{}
oximmd0151,oximmd0075,{}
oximmd0151,oxclab0035,{}
oximmd0151,oximmd0151,{}
oximmd0151,oxquee1607,{}
camjp103,campaz20,{}
camjp103,camjp103,{}
oxrwilkins,oxrwilkins,{}
oxgree1499,oxgree1499,{}
oxgree1499,camsjg49,{}
oxgree1499,oxgree0989,{}
oxgree1499,oxgree1192,{}
oxgree1499,camnjw1004,{}
oxgree1499,oxgree0184,{}
oxgree1499,oxclme0845,{}
oxgree1499,camkk101,{}
oxctsu0265,oxgree0184,{}
oxctsu0265,oxdarby,{}
oxctsu0265,oxctsu0265,{}
oxraob0231,oxraob0072,{}
oxraob0231,oxraob0231,{}
oxraob0231,oxdonc0120,{}
oxraob0233,oxraob0121,{}
oxraob0233,oxraob0233,{}
oxraob0233,oxraob0097,{}
camtfm23,camtfm23,{}
oxxxxx0009,oxdonc0120,{}
oxxxxx0009,oxraob0168,{}
oxxxxx0009,oxxxxx0009,{}
oxxxxx0009,oxbras2068,{}
oxclme0832,oxndos0168,{}
oxclme0832,oxclme0169,{}
oxclme0832,oxclme0832,{}
camds139,camksl23,{}
camds139,camreg53,{}
camds139,camds139,{}
camds139,oxpath0636,{}
oxbioc0365,oxbioc0365,{}
camyjl26,camyjl26,{}
camyjl26,camamd3,{}
oxclne0083,oxclne0083,{}
oxpath0636,camrmm32,{}
oxpath0636,oxsmlea,{}
oxpath0636,oxpath0636,{}
oxpath0636,campjb91,{}
oxpath0636,camab454,{}
oxpath0636,camsvl1000,{}
oximmd0330,oxcorp0784,{}
oximmd0330,oximmd0082,{}
oximmd0330,oximmd0423,{}
oximmd0330,oxstat0004,{}
oximmd0330,oxclme0301,{}
oximmd0330,oximmd0556,{}
oximmd0330,oxclme0975,{}
oximmd0330,camejb60,{}
oximmd0330,oxquee1607,{}
oximmd0330,oxclab0058,{}
oximmd0330,oximmd0024,{}
oximmd0330,oximmd0330,{}
oximmd0330,oxpath0511,{}
oximmd0330,oxclme0237,{}
oximmd0330,oxphpc0367,{}
oximmd0330,oxclab0035,{}
camtk106,camag229,{}
camtk106,camtk106,{}
camtk106,oxclab0127,{}
camtk106,camab149,{}
camtk106,oxclme1037,{}
camtk106,camcc234,{}
camtk106,oxclme1358,{}
oxphpc0367,oxclme0237,{}
oxphpc0367,oxphpc0367,{}
oximmd0700,oximmd0024,{}
oximmd0700,oximmd0282,{}
oximmd0700,oxpath0511,{}
oximmd0700,oxclab0035,{}
oximmd0700,oximmd0700,{}
oximmd0700,oximmd0556,{}
camgie20,camgie20,{}
camgie20,camnms39,{}
camgie20,camcm666,{}
camgie20,camfm319,{}
camspj13,camspj13,{}
camspj13,camcs681,{}
camspj13,camtlb20,{}
camspj13,oximmd0499,{}
camspj13,oxwhgu0172,{}
camspj13,camjvf21,{}
camspj13,oxraob0005,{}
camphj20,camrcf29,{}
camphj20,cammpa28,{}
camphj20,camap113,{}
camphj20,cambds10,{}
camphj20,camphj20,{}
camlp392,camlp392,{}
camjc553,camdo261,{}
camjc553,camkbm1000,{}
camjc553,camag229,{}
camjc553,camagl22,{}
camjc553,camjc553,{}
camjc553,camss861,{}
camjc553,camcc234,{}
oxdonc0108,oxdonc0108,{}
cammja1000,cammja1000,{}
oxbioc0647,oxbioc0647,{}
oxbioc0647,oxbioc0764,{}
camjf416,camjf416,{}
oxclme1358,oxchem0489,{}
oxclme1358,oxnewc0612,{}
oxclme1358,oxolin0081,{}
oxclme1358,oxclab0127,{}
oxclme1358,camab149,{}
oxclme1358,oxclme1037,{}
oxclme1358,camsvl1000,{}
oxclme1358,oxraob0097,{}
oxclme1358,oxclme0485,{}
oxclme1358,oxclme1358,{}
oxclme1358,oxcschof,{}
oxclme1358,oxbioc0801,{}
oxcschof,oxdplb0149,{}
oxcschof,oxocms0064,{}
oxcschof,oxcschof,{}
oxcschof,oxchem0489,{}
oxcschof,oxwolf1917,{}
oxcschof,oxocms0037,{}
oxcschof,oxraob0097,{}
oxcschof,oxclme1037,{}
oxcschof,oxwhgu0172,{}
oxcschof,oxbioc0416,{}
oxcschof,oxclme0485,{}
oxcschof,oxclme0946,{}
oxcschof,oxwhgu0274,{}
oxcschof,oxbioc0801,{}
camfm319,camfm319,{}
cammew10,camyysh2,{}
cammew10,cammmo25,{}
cammew10,cammew10,{}
oxclab0058,oxclab0058,{}
oxclab0058,oxphpc0009,{}
camdo261,cammf364,{}
camdo261,camdo261,{}
camdo261,camss861,{}
camdo261,oxocms0037,{}
camsw644,camsw644,{}
camep370,camep370,{}
camep370,cambds10,{}
oxclme1544,oxclme1544,{}
camwtk22,camcjw53,{}
camwtk22,camwtk22,{}
oxctsu0165,oxclme0169,{}
oxctsu0165,oxctsu0084,{}
oxctsu0165,oxctsu0052,{}
oxctsu0165,oxctsu0165,{}
oxctsu0165,oxgree0184,{}
camgl290,camfmw22,{}
camgl290,camgl290,{}
camgl290,camrcf29,{}
oxwhgu0172,oxdplb0149,{}
oxwhgu0172,oxchem0068,{}
oxwhgu0172,oximmd0084,{}
oxwhgu0172,oxocms0064,{}
oxwhgu0172,oxclme0439,{}
oxwhgu0172,oxraob0121,{}
oxwhgu0172,oxclab0127,{}
oxwhgu0172,oxndos0168,{}
oxwhgu0172,oxclme0975,{}
oxwhgu0172,oxndos0461,{}
oxwhgu0172,oxbioc0801,{}
oxwhgu0172,oxocms0037,{}
oxwhgu0172,oximmd0023,{}
oxwhgu0172,oxcard0039,{}
oxwhgu0172,oximmd0106,{}
oxwhgu0172,oxclme0501,{}
oxwhgu0172,oxclme0946,{}
oxwhgu0172,oximmd0100,{}
oxwhgu0172,oxwhgu0172,{}
oxwhgu0172,oxclme0485,{}
oxwhgu0172,oxbioc0804,{}
oxwhgu0172,oximmd0218,{}
oxwhgu0172,oxwhgu0274,{}
oxwhgu0172,oximmd0180,{}
oxbioc0416,oxdplb0149,{}
oxbioc0416,oxnewc0612,{}
oxbioc0416,oxchem0068,{}
oxbioc0416,oxbioc0192,{}
oxbioc0416,oxbioc0212,{}
oxbioc0416,oxclph0059,{}
oxbioc0416,oxraob0095,{}
oxbioc0416,oxraob0096,{}
oxbioc0416,oxbioc0416,{}
oxbioc0416,oxclme0946,{}
oxbioc0416,oxcard0039,{}
oxbioc0804,oxbioc0804,{}
oxbioc0804,oxocms0037,{}
oxbioc0804,oxbioc0801,{}
oxwhgu0274,oxwhgu0274,{}
oxwhgu0274,oxraob0097,{}
oxwhgu0274,oximmd0180,{}
oxwhgu0274,oxbioc0212,{}
oxbioc0801,oximmd0282,{}
oxbioc0801,oxocms0037,{}
oxbioc0801,oxclme0485,{}
oxbioc0801,oxbioc0801,{}
camrec11,camrec11,{}
camrec11,camcjw53,{}
camcs681,camcs681,{}
campjb91,camrmm32,{}
campjb91,campjb91,{}
campjb91,camirb21,{}
campjb91,camsvl1000,{}
campjb91,camab454,{}
oxcard0008,oxclme0195,{}
oxcard0008,oximmd0075,{}
oxcard0008,oxocms0037,{}
oxcard0008,oxcard0008,{}
oxclme0301,oxcorp0784,{}
oxclme0301,oximmd0082,{}
oxclme0301,oxbioc0212,{}
oxclme0301,oxstat0004,{}
oxclme0301,oxclme0301,{}
oxclme0301,oxndos0168,{}
oxclme0301,oxclph0059,{}
oxclme0301,oxquee1607,{}
oxclme0301,oximmd0024,{}
oxclme0301,oxclme0237,{}
oxclab0127,oxclme0485,{}
oxclab0127,oxclab0127,{}
oxclab0127,camab149,{}
oxclab0127,oximmd0316,{}
oxclab0127,oxclme1037,{}
oxclab0127,oxclme0975,{}
oxclab0127,oxraob0097,{}
oxclab0127,oximmd0180,{}
oxclab0127,oxraob0121,{}
oxndos0168,oximmd0024,{}
oxndos0168,oxclme0169,{}
oxndos0168,oxclme1037,{}
oxndos0168,oxawatts,{}
oxndos0168,oxndos0168,{}
oxndos0168,oxphpc0084,{}
oxndos0168,oxclme0485,{}
camhwv20,camhwv20,{}
camagl22,camns421,{}
camagl22,camvjg29,{}
camagl22,camag229,{}
camagl22,camcc234,{}
camagl22,camss861,{}
camagl22,camal499,{}
camagl22,oximmd0024,{}
camagl22,camkmb1001,{}
camagl22,camagl22,{}
camagl22,camrcf29,{}
camagl22,camcem45,{}
oxraob0168,oxbras2068,{}
oxraob0168,oxraob0168,{}
oxraob0168,oxraob0072,{}
oxraob0168,oxclar0295,{}
oxcoml0332,oxcoml0332,{}
camjs970,camjs970,{}
camrjg74,camrjg74,{}
campg336,campg336,{}
cammdt33,cammdt33,{}
cammdt33,camnc109,{}
cammdt33,camdfe20,{}
cammdt33,cammjm16,{}
cammdt33,camcc234,{}
cammdt33,camrcf29,{}
camejb60,camas889,{}
camejb60,oximmd0024,{}
camejb60,camejb60,{}
camejb60,oxclab0035,{}
camejb60,oximmd0556,{}
camejb60,camcem45,{}
oxgree1192,camcjw53,{}
oxgree1192,oxndos0461,{}
oxgree1192,camsjg49,{}
oxgree1192,camaa461,{}
oxgree1192,oxgree0989,{}
oxgree1192,oxclme0845,{}
oxgree1192,camdfe20,{}
oxgree1192,camnjw1004,{}
oxgree1192,oxgree1192,{}
oxgree1192,oxgree0184,{}
oxgree1192,camkk101,{}
camss861,camag229,{}
camss861,camdfe20,{}
camss861,camss861,{}
camss861,camcc234,{}
camjau20,camsjg49,{}
camjau20,camfmw22,{}
camjau20,camjau20,{}
oxclme0169,oximmd0023,{}
oxclme0169,oxclne0009,{}
oxclme0169,oxclme0169,{}
oxclme0169,oxmolb0003,{}
oxclme0169,oxclme0975,{}
oxphpc0084,oxclne0009,{}
oxphpc0084,oxphpc0084,{}
oxphpc0084,oxprhc0003,{}
oxphpc0084,oxclme0731,{}
oxphpc0084,oxprhc0057,{}
oxradi0003,oxengs0357,{}
oxradi0003,oxradi0003,{}
oxradi0003,oxclme0975,{}
oxradi0003,oxcard0039,{}
camcem45,camas889,{}
camcem45,oximmd0024,{}
camcem45,camkmb1001,{}
camcem45,oxclab0035,{}
camcem45,camal499,{}
camcem45,camcem45,{}
oxclme0946,oxclme0439,{}
oxclme0946,oxclme1136,{}
oxclme0946,oxocms0037,{}
oxclme0946,oxclme0975,{}
oxclme0946,oxclme0946,{}
oxclme0946,oxdpag0048,{}
oximmd0180,camtgqe2,{}
oximmd0180,oximmd0452,{}
oximmd0180,oxraob0121,{}
oximmd0180,oxclme0975,{}
oximmd0180,oxclme0501,{}
oximmd0180,oximmd0180,{}
oxdplb0149,oxdplb0149,{}
oxdplb0149,oxchem0068,{}
oxdplb0149,oxcard0039,{}
oxbioc0192,oxbioc0192,{}
oxbioc0192,oxcard0039,{}
oxbioc0192,oxbioc0212,{}
oxbioc0212,oxclph0059,{}
oxbioc0212,oxbioc0212,{}
camhcm29,camew442,{}
camhcm29,camhcm29,{}
camhcm29,camfmw22,{}
oxnewc0612,oxchem0489,{}
oxnewc0612,oxnewc0612,{}
oxnewc0612,oxraob0097,{}
oxbioc0987,oxbioc0987,{}
oxbioc0987,oxawatts,{}
camaa461,camdfe20,{}
camaa461,camaa461,{}
camaa461,oxndos0461,{}
camaa461,camkk101,{}
oxndos0461,oxndos0461,{}
oxndos0461,camdfe20,{}
oxndos0461,oxclme0501,{}
oxgree0184,oxctsu0084,{}
oxgree0184,oxgree0989,{}
oxgree0184,oxdarby,{}
oxgree0184,oxstat0004,{}
oxgree0184,oxgree0184,{}
oxgree0184,oxclme0845,{}
oxphys0666,oxphys0666,{}
camrsj33,camrsj33,{}
oxocms0037,oximmd0082,{}
oxocms0037,oxstat0004,{}
oxocms0037,oxdpag0074,{}
oxocms0037,oximmd0282,{}
oxocms0037,oximmd0075,{}
oxocms0037,camcc234,{}
oxocms0037,oxocms0037,{}
oxocms0037,oxwhgu0085,{}
oxocms0037,oxclme0195,{}
oxclme0501,oxclme0501,{}
camsvl1000,camrmm32,{}
camsvl1000,camirb21,{}
camsvl1000,camab454,{}
camsvl1000,camsvl1000,{}
camsr504,camsr504,{}
camcjw53,camkh387,{}
camcjw53,campak29,{}
camcjw53,camdfe20,{}
camcjw53,camcjw53,{}
camcjw53,camsp580,{}
camcjw53,camcc234,{}
oxmolb0003,oxmolb0003,{}
oxmolb0002,oximmd0023,{}
oxmolb0002,oximmd0100,{}
oxmolb0002,oxmolb0002,{}
oxmolb0002,oxbioc0756,{}
oxmolb0002,oxclme1037,{}
oxmolb0002,oxpath0642,{}
oxpath0002,oxpath0002,{}
oxpath0002,oxpath0642,{}
camsp580,camsp580,{}
camsp580,campak29,{}
camelr21,camelr21,{}
camelr21,cambds10,{}
oxbioc0929,oximmd0499,{}
oxbioc0929,oxbioc0929,{}
camgm263,camgm263,{}
camgm263,camgsv20,{}
oxchem0068,oxchem0068,{}
oxchem0068,oxraob0095,{}
camjmd1000,camjmd1000,{}
camnms39,camnms39,{}
campak29,campak29,{}
camns421,camns421,{}
camns421,camrcf29,{}
camcbs31,camcbs31,{}
camkh387,camkh387,{}
camkh387,campc245,{}
camkh387,camtimm2,{}
camew442,camew442,{}
camew442,camsjg49,{}
camew442,camfmw22,{}
camew442,camnjw1004,{}
oxclme0439,oxcorp0784,{}
oxclme0439,oxclme0439,{}
oxclme0439,oxclme0975,{}
oxclme0439,oxocms0064,{}
oxraob0121,oxraob0121,{}
oxraob0121,oxraob0096,{}
oxcoml0080,oxcoml0080,{}
oxctsu0052,oxclme0845,{}
oxctsu0052,oxctsu0084,{}
oxctsu0052,oxctsu0052,{}
oxctsu0052,oxgree0989,{}
camab149,camab149,{}
camab149,oxclme1037,{}
oxolin0081,oxolin0081,{}
oxtrin1371,oxtrin1371,{}
oxctsu0084,oxctsu0084,{}
oxclne0009,oxclne0009,{}
oxclne0009,oxprhc0003,{}
oxclne0009,oxstat0004,{}
camtimm2,camtimm2,{}
camap113,camap113,{}
cambkk25,cambkk25,{}
oxclme0845,oxgree0989,{}
oxclme0845,oxclme0845,{}
camkk101,oxstat0004,{}
camkk101,camas889,{}
camkk101,camsjg49,{}
camkk101,camdfe20,{}
camkk101,camnjw1004,{}
camkk101,camkk101,{}
camkk101,camtgqe2,{}
oximmd0023,oxchem0489,{}
oximmd0023,oximmd0084,{}
oximmd0023,oximmd0023,{}
oximmd0023,oximmd0024,{}
oximmd0023,oximmd0100,{}
oximmd0023,oxpath0642,{}
oximmd0023,oxclme0975,{}
oximmd0023,oxbioc0268,{}
oximmd0024,oxcorp0784,{}
oximmd0024,camas889,{}
oximmd0024,oximmd0082,{}
oximmd0024,oximmd0075,{}
oximmd0024,oxstat0004,{}
oximmd0024,oxclab0035,{}
oximmd0024,oximmd0282,{}
oximmd0024,oxclme0195,{}
oximmd0024,oximmd0556,{}
oximmd0024,oxquee1607,{}
oximmd0024,oximmd0024,{}
oximmd0024,oxpath0511,{}
oximmd0024,oxclme0237,{}
oxdpag0225,oxdpag0225,{}
camdrs36,camdrs36,{}
camdrs36,camoas23,{}
camdrs36,camtlb20,{}
camdrs36,camarv22,{}
camdrs36,camab454,{}
oxclme0237,oxcorp0784,{}
oxclme0237,oximmd0082,{}
oxclme0237,oximmd0421,{}
oxclme0237,oximmd0423,{}
oxclme0237,oxstat0004,{}
oxclme0237,oxwhgu0085,{}
oxclme0237,oxclme0975,{}
oxclme0237,oxquee1607,{}
oxclme0237,oxclme0237,{}
camkc370,camkc370,{}
oxclme0485,oxstat0004,{}
oxclme0485,oximmd0423,{}
oxclme0485,oxclme0485,{}
oxclme0485,oxclme1037,{}
camgcb3,camgcb3,{}
oxprhc0003,oxprhc0003,{}
camjlg38,camjlg38,{}
oxsmlea,oxsmlea,{}
oxsmlea,oxpath0041,{}
cammd458,cammd458,{}
camamd3,camoas23,{}
camamd3,camamd3,{}
oxgree0989,oxgree0989,{}
camjvf21,camjvf21,{}
camjvf21,camsb10031,{}
camsa263,camsa263,{}
camsb10031,camtk218,{}
camsb10031,camarv22,{}
camsb10031,camsb10031,{}
camsb10031,camcc234,{}
oxdpag0048,oxdpag0048,{}
oxanat0116,oxanat0116,{}
oxanat0116,oxanat0115,{}
oxanat0115,oxanat0115,{}
oximmd0282,oximmd0282,{}
oximmd0282,oxpath0511,{}
oximmd0282,oximmd0316,{}
oximmd0282,oximmd0556,{}
oxdonc0114,oxdonc0114,{}
campc245,campc245,{}
camfmw22,camsjg49,{}
camfmw22,camfmw22,{}
camcc234,camag229,{}
camcc234,camcc234,{}
camcc234,camrdb39,{}
camcc234,camdfe20,{}
camcc234,camkbm1000,{}
camcc234,camrcf29,{}
camcc234,camqg209,{}
camab454,camrmm32,{}
camab454,camarv22,{}
camab454,camab454,{}
camabj26,camabj26,{}
camabj26,camarv22,{}
oximmd0452,oximmd0499,{}
oximmd0452,oxraob0097,{}
oximmd0452,oximmd0452,{}
oximmd0452,oxraob0096,{}
camja219,campaz20,{}
camja219,camja219,{}
oxclme0731,oxclme0731,{}
camoas23,camoas23,{}
cammjm16,camnc109,{}
cammjm16,cammjm16,{}
cammjm16,camijg25,{}
oxdarby,oxdarby,{}
camtb507,camtb507,{}
camtb507,camjg477,{}
camtb507,camvjg29,{}
camtb507,cammjg40,{}
oxraob0095,oxraob0097,{}
oxraob0095,oxclph0059,{}
oxraob0095,oxraob0009,{}
oxraob0095,oxraob0095,{}
oxraob0096,oxdonc0120,{}
oxraob0096,oxraob0097,{}
oxraob0096,oxraob0096,{}
oxraob0096,oxclme0993,{}
oxraob0097,oxchem0489,{}
oxraob0097,oximmd0084,{}
oxraob0097,oximmd0316,{}
oxraob0097,oxraob0097,{}
camppd21,camppd21,{}
camsjg49,oxstat0004,{}
camsjg49,camsjg49,{}
camsjg49,camnjw1004,{}
oxpath0511,oximmd0084,{}
oxpath0511,oxclme0195,{}
oxpath0511,oxpath0511,{}
oxpath0511,oximmd0075,{}
oxpath0511,oxclab0035,{}
oxpath0511,oximmd0082,{}
oxpath0511,oximmd0556,{}
oxpath0041,oxpath0041,{}
camrcf29,camkmb1001,{}
camrcf29,camrcf29,{}
camrcf29,cambds10,{}
oximmd0218,oximmd0218,{}
oximmd0218,oximmd0100,{}
camqg209,camdfe20,{}
camqg209,camqg209,{}
oxkenn0019,oxkenn0019,{}
oxcorp0784,oxcorp0784,{}
oxcorp0784,oxquee1607,{}
oxcorp0784,oximmd0082,{}
oxcorp0784,oxocms0064,{}
oxcorp0784,oxstat0004,{}
camas889,camas889,{}
camas889,camcg348,{}
camas889,oxclab0035,{}
camas889,camnjw1004,{}
cammmo25,cammmo25,{}
camcg348,camcg348,{}
cammpa28,cammpa28,{}
cammpa28,cambds10,{}
oxocms0064,oxawatts,{}
oxocms0064,oxocms0064,{}
oxstat0004,oximmd0082,{}
oxstat0004,oxstat0004,{}
oxstat0004,oxclme0195,{}
oxstat0004,oxclme0975,{}
oxstat0004,camdfe20,{}
oxstat0004,camnjw1004,{}
oxstat0004,oxquee1607,{}
camtlb20,camtlb20,{}
camtlb20,camarv22,{}
camtlb20,camtgqe2,{}
camrd439,camrd439,{}
campaz20,campaz20,{}
camdk10012,camdk10012,{}
camag229,camag229,{}
oxwhgu0085,oxwhgu0085,{}
oxwhgu0085,oximmd0316,{}
oxraob0005,oxraob0005,{}
oxclar0089,oxclar0089,{}
oxclar0270,oxclar0270,{}
cambds10,cambds10,{}
oxoums0386,oxoums0386,{}
camtdf21,camtdf21,{}
camtdf21,cammjg40,{}
camtl347,camkmb1001,{}
camtl347,camtl347,{}
oxcard0039,oxcard0039,{}
camel422,camel422,{}
oxphpc0009,oxphpc0009,{}
oxclar0295,oxclar0295,{}
oximmd0106,oximmd0106,{}
camdo202,camdo202,{}
oxjrobert,oxjrobert,{}
oximmd0100,oximmd0100,{}
oximmd0100,oxpath0642,{}
oxzool1114,oxzool1114,{}
oxclab0035,oximmd0556,{}
oxclab0035,oxclab0035,{}
oxraob0072,oxengs0357,{}
oxraob0072,oxdonc0120,{}
oxraob0072,oxwolf1917,{}
oxraob0072,oxclme0975,{}
oxraob0072,oxraob0072,{}
camnjw1004,camnjw1004,{}
camnjw1004,camdfe20,{}
camnjw1004,camtgqe2,{}
camtgqe2,camtj212,{}
camtgqe2,camvjg29,{}
camtgqe2,camdfe20,{}
camtgqe2,camtgqe2,{}
camtgqe2,cammjg40,{}
camssl30,camssl30,{}
camssl30,camarv22,{}
oximmd0084,oximmd0316,{}
oximmd0084,oximmd0084,{}
oximmd0082,oximmd0082,{}
oximmd0082,oximmd0075,{}
oximmd0082,oxclme0195,{}
oximmd0082,oxquee1607,{}
camlv225,camlv225,{}
camlv225,camrk385,{}
oxpath0642,oxbioc0756,{}
oxpath0642,oxpath0642,{}
cammpfs1,cammpfs1,{}
camjg477,camvjg29,{}
camjg477,camjg477,{}
camjg477,camsjp58,{}
camjg477,cammjg40,{}
camvjg29,camal499,{}
camvjg29,camvjg29,{}
oxbioc0756,oxbioc0756,{}
oxclme0195,oxclme0195,{}
oxclme0195,oximmd0075,{}
oxclme0195,oximmd0556,{}
camsrb39,camsrb39,{}
oximmd0075,oximmd0075,{}
oxclme0975,oximmd0423,{}
oxclme0975,oxclme0975,{}
oxclme0975,oxwolf1917,{}
oxengs0475,oxengs0475,{}
oxengs0475,oxclph0059,{}
cambb313,cambb313,{}
cambb313,camrdb39,{}
oxchem0489,oxchem0489,{}
camdfe20,camdfe20,{}
camdfe20,camkbm1000,{}
oxbioc0268,oxbioc0268,{}
oxclme0993,oxclme0993,{}
oxdpag0074,oxdpag0074,{}
camms433,camms433,{}
cammjg40,camkmb1001,{}
cammjg40,camtm418,{}
cammjg40,camtj212,{}
cammjg40,cammjg40,{}
camyysh2,camyysh2,{}
camir279,camir279,{}
camarf25,camarf25,{}
camkbm1000,camkbm1000,{}
oxbras2068,oxbras2068,{}
oxdonc0120,oxdonc0120,{}
camkmb1001,camkmb1001,{}
oximmd0316,oximmd0421,{}
oximmd0316,oximmd0423,{}
oximmd0316,oximmd0316,{}
oxchem0372,oxchem0372,{}
camtj212,camtj212,{}
camnc109,camijg25,{}
camnc109,camnc109,{}
oximmd0421,oximmd0421,{}
oximmd0421,oximmd0423,{}
oximmd0423,oximmd0423,{}
oxphys0125,oxphys0125,{}
camreg53,camreg53,{}
oxprhc0057,oxprhc0057,{}
cammf364,camrk385,{}
cammf364,cammf364,{}
oxengs0357,oxengs0357,{}
camrmm32,camrmm32,{}
camrk385,camrk385,{}
camrdb39,camrdb39,{}
camgsv20,camgsv20,{}
camksl23,camksl23,{}
oxpath0012,oxpath0012,{}
oximmd0499,oxwolf1917,{}
oximmd0499,oximmd0499,{}
camcm666,camcm666,{}
oximmd0556,oximmd0556,{}
oxclph0059,oxclph0059,{}
oxwolf1917,oxwolf1917,{}
camijg25,camijg25,{}
camarv22,camsjp58,{}
camarv22,camarv22,{}
camtm418,camsjp58,{}
camtm418,camtm418,{}
oxndog0268,oxndog0268,{}
oxquee1607,oxquee1607,{}
camtk218,camtk218,{}
oxengs1258,oxengs1258,{}
camal499,camal499,{}
camsjp58,camsjp58,{}
oxraob0009,oxraob0009,{}
oxclme1136,oxclme1136,{}
camip100,camip100,{}
oxbioc0764,oxbioc0764,{}
oxdops0137,oxdops0137,{}
oxclme1037,oxclme1037,{}
camirb21,camirb21,{}
oxawatts,oxawatts,{}
